time	motionlevel
01232013153141318	0.00000325520841215621
01232013153142117	0.00000325520841215621
01232013153142517	0.00000325520841215621
01232013153143077	0.00000325520841215621
01232013153143237	0.00000976562478172127
01232013153143640	0.0400097668170929
01232013153143719	0.0000130208336486248
01232013153143798	0.0494498685002327
01232013153144517	0.00000325520841215621
01232013153144757	0.00000325520841215621
01232013153147636	0.00402669282630086
01232013153147733	0.000957031268626451
01232013153147893	0.000279947911622003
01232013153147973	0.213492840528488
01232013153148053	0.31246092915535
01232013153148133	0.345625013113022
01232013153148212	0.0843294262886047
01232013153148294	0.246676430106163
01232013153148373	0.489957690238953
01232013153148452	0.487958997488022
01232013153148533	0.28487303853035
01232013153148613	0.327483713626862
01232013153148693	0.171643882989883
01232013153148773	0.311979174613953
01232013153148852	0.0567871108651161
01232013153148932	0.0328255221247673
01232013153149013	0.00555338524281979
01232013153149093	0.000511067686602473
01232013153149253	0.00000651041682431242
01232013153149333	0.0000390624991268851
01232013153150214	0.00000325520841215621
01232013153150935	0.00000325520841215621
01232013153152134	0.00000325520841215621
01232013153153334	0.00000325520841215621
01232013153153413	0.00000325520841215621
01232013153153493	0.00000325520841215621
01232013153154293	0.00000325520841215621
01232013153154374	0.00000651041682431242
01232013153154455	0.00000325520841215621
01232013153154534	0.00000325520841215621
01232013153154613	0.00000325520841215621
01232013153154693	0.00000325520841215621
01232013153155014	0.00000325520841215621
01232013153155174	0.00165364588610828
01232013153155253	0.00571289053186774
01232013153155333	0.000921223952900618
01232013153156054	0.00000325520841215621
01232013153156773	0.00000325520841215621
01232013153157014	0.00000325520841215621
01232013153158374	0.000608723959885538
01232013153158453	0.00276367180049419
01232013153159173	0.00000325520841215621
01232013153159333	0.00000325520841215621
01232013153159493	0.00000325520841215621
01232013153159573	0.0000227864584303461
01232013153159654	0.0000358072902599815
01232013153159733	0.0000651041700621136
01232013153159814	0.0000325520850310568
01232013153159974	0.0000227864584303461
01232013153200294	0.00000651041682431242
01232013153200374	0.0000130208336486248
01232013153200854	0.0000130208336486248
01232013153200934	0.00000325520841215621
01232013153201014	0.00000325520841215621
01232013153201735	0.00000651041682431242
01232013153201895	0.0000130208336486248
01232013153201974	0.0000292968743451638
01232013153202055	0.00000976562478172127
01232013153202214	0.0000390624991268851
01232013153202454	0.00000976562478172127
01232013153203015	0.00000325520841215621
01232013153203094	0.00000325520841215621
01232013153203334	0.00000325520841215621
01232013153203494	0.00000325520841215621
01232013153203895	0.0000130208336486248
01232013153204293	0.00000976562478172127
01232013153204774	0.00000651041682431242
01232013153205174	0.00000325520841215621
01232013153205414	0.00000976562478172127
01232013153205656	0.00000325520841215621
01232013153205814	0.0000195312495634425
01232013153205910	0.0000130208336486248
01232013153206469	0.0000195312495634425
01232013153206870	0.0000195312495634425
01232013153207110	0.00000651041682431242
01232013153208150	0.00000651041682431242
01232013153208309	0.00000325520841215621
01232013153208870	0.0000195312495634425
01232013153210391	0.00000325520841215621
01232013153211118	0.00000325520841215621
01232013153211191	0.000592447933740914
01232013153211271	0.00041341147152707
01232013153211351	0.00000325520841215621
01232013153211434	0.00000325520841215621
01232013153211671	0.105537109076977
01232013153211751	0.00366536458022892
01232013153213433	0.0469628907740116
01232013153213511	0.00896484404802322
01232013153213590	0.00820963550359011
01232013153213671	0.00000325520841215621
01232013153214710	0.000377604155801237
01232013153215271	0.00000325520841215621
01232013153215430	0.0401920564472675
01232013153215510	0.0752311199903488
01232013153215831	0.00000976562478172127
01232013153216310	0.00000325520841215621
01232013153216791	0.00000325520841215621
01232013153217031	0.00000325520841215621
01232013153217751	0.00000325520841215621
01232013153217991	0.00000325520841215621
01232013153218471	0.00000651041682431242
01232013153218870	0.00000325520841215621
01232013153219270	0.00000325520841215621
01232013153219671	0.00000325520841215621
01232013153219751	0.00000325520841215621
01232013153220313	0.00000651041682431242
01232013153222071	0.00000325520841215621
01232013153222312	0.00000976562478172127
01232013153223992	0.00000325520841215621
01232013153224727	0.00000325520841215621
01232013153225927	0.00000325520841215621
01232013153226967	0.000260416680248454
01232013153227047	0.00000325520841215621
01232013153227447	0.00000325520841215621
01232013153227847	0.00000325520841215621
01232013153228647	0.00000325520841215621
01232013153229049	0.00000325520841215621
01232013153229767	0.00000325520841215621
01232013153230247	0.00000325520841215621
01232013153230407	0.00000651041682431242
01232013153230968	0.00000325520841215621
01232013153231530	0.00000325520841215621
01232013153233207	0.00000651041682431242
01232013153233367	0.00000325520841215621
01232013153234967	0.00000325520841215621
01232013153236247	0.00000325520841215621
01232013153236407	0.00000325520841215621
01232013153237447	0.00000325520841215621
01232013153237847	0.00000325520841215621
01232013153238328	0.00000325520841215621
01232013153238487	0.00000325520841215621
01232013153240489	0.00000325520841215621
01232013153242424	0.00000325520841215621
01232013153242504	0.00000325520841215621
01232013153242584	0.00000976562478172127
01232013153244023	0.00000325520841215621
01232013153246505	0.00000325520841215621
01232013153247224	0.00000325520841215621
01232013153248664	0.00000325520841215621
01232013153249384	0.00000325520841215621
01232013153250105	0.00000325520841215621
01232013153250665	0.00000651041682431242
01232013153252665	0.00000325520841215621
01232013153252984	0.00000325520841215621
01232013153253544	0.00000325520841215621
01232013153254184	0.00000325520841215621
01232013153254905	0.00000325520841215621
01232013153255705	0.00000325520841215621
01232013153257704	0.00000325520841215621
01232013153258264	0.00000325520841215621
01232013153258664	0.00000325520841215621
01232013153300425	0.00000325520841215621
01232013153301161	0.00000325520841215621
01232013153301321	0.00000325520841215621
01232013153302761	0.00000325520841215621
01232013153302921	0.00000651041682431242
01232013153304521	0.00000325520841215621
01232013153304680	0.00000651041682431242
01232013153307560	0.00000325520841215621
01232013153308200	0.00000325520841215621
01232013153309160	0.00000325520841215621
01232013153309641	0.000123697915114462
01232013153312681	0.00000325520841215621
01232013153313001	0.00000651041682431242
01232013153313482	0.0110384114086628
01232013153313566	0.0452376306056976
01232013153313644	0.0000227864584303461
01232013153313801	0.0000292968743451638
01232013153314442	0.00000325520841215621
01232013153314521	0.00000325520841215621
01232013153314684	0.00000325520841215621
01232013153314841	0.00000325520841215621
01232013153314921	0.00000325520841215621
01232013153315882	0.00000325520841215621
01232013153316521	0.00000325520841215621
01232013153316681	0.0000162760425155284
01232013153316761	0.0000130208336486248
01232013153317321	0.00000325520841215621
01232013153317881	0.00000325520841215621
01232013153319898	0.00000976562478172127
01232013153321018	0.00000976562478172127
01232013153321817	0.00000325520841215621
01232013153322457	0.00000325520841215621
01232013153323017	0.00000325520841215621
01232013153323098	0.00000325520841215621
01232013153323257	0.00000325520841215621
01232013153323417	0.00000325520841215621
01232013153323738	0.00000651041682431242
01232013153324377	0.00000325520841215621
01232013153324698	0.000195312502910383
01232013153324779	0.0000585937486903276
01232013153325020	0.00000325520841215621
01232013153325338	0.00000325520841215621
01232013153326538	0.00000325520841215621
01232013153326780	0.000139973955811001
01232013153326859	0.0000162760425155284
01232013153326938	0.0000162760425155284
01232013153327018	0.00000325520841215621
01232013153328777	0.00000325520841215621
01232013153329179	0.00000325520841215621
01232013153331578	0.00000325520841215621
01232013153332138	0.00000651041682431242
01232013153332218	0.00000325520841215621
01232013153332378	0.00000325520841215621
01232013153332618	0.00000325520841215621
01232013153333578	0.00000325520841215621
01232013153333898	0.00000325520841215621
01232013153334858	0.00000325520841215621
01232013153336698	0.00000325520841215621
01232013153337274	0.00000325520841215621
01232013153337594	0.00000325520841215621
01232013153338553	0.00000325520841215621
01232013153339834	0.00000325520841215621
01232013153340554	0.00000325520841215621
01232013153341595	0.00000325520841215621
01232013153341756	0.00000325520841215621
01232013153343355	0.00000325520841215621
01232013153343434	0.00000651041682431242
01232013153343674	0.00000325520841215621
01232013153344235	0.00000325520841215621
01232013153344874	0.00000325520841215621
01232013153345035	0.00000325520841215621
01232013153345514	0.00000325520841215621
01232013153346074	0.0000162760425155284
01232013153347435	0.00000325520841215621
01232013153347754	0.00000325520841215621
01232013153348554	0.0000813802107586525
01232013153348634	0.00000976562478172127
01232013153349674	0.00000325520841215621
01232013153350154	0.00000651041682431242
01232013153350795	0.00000325520841215621
01232013153351035	0.00000325520841215621
01232013153351675	0.00000325520841215621
01232013153354955	0.00000976562478172127
01232013153355451	0.00000325520841215621
01232013153355610	0.00000325520841215621
01232013153358170	0.00000325520841215621
01232013153358410	0.00000325520841215621
01232013153400331	0.00000651041682431242
01232013153402571	0.00000325520841215621
01232013153404011	0.00000651041682431242
01232013153404411	0.0000325520850310568
01232013153404491	0.0000683593752910383
01232013153404971	0.00000325520841215621
01232013153405371	0.00000325520841215621
01232013153405451	0.00000325520841215621
01232013153406811	0.00000325520841215621
01232013153407851	0.00000325520841215621
01232013153408090	0.00000325520841215621
01232013153408491	0.00000325520841215621
01232013153411051	0.00000325520841215621
01232013153411532	0.00000325520841215621
01232013153411851	0.00000325520841215621
01232013153411932	0.00000325520841215621
01232013153413547	0.00000325520841215621
01232013153413628	0.00000325520841215621
01232013153413867	0.00000325520841215621
01232013153414188	0.00000976562478172127
01232013153414268	0.00000651041682431242
01232013153414427	0.00000325520841215621
01232013153415627	0.00000325520841215621
01232013153416667	0.00000325520841215621
01232013153417867	0.00000325520841215621
01232013153417947	0.00000325520841215621
01232013153418667	0.00000325520841215621
01232013153419147	0.0000195312495634425
01232013153419559	0.000123697915114462
01232013153419868	0.000152994791278616
01232013153419948	0.0000618489575572312
01232013153420028	0.00000651041682431242
01232013153420348	0.00000325520841215621
01232013153420829	0.00000651041682431242
01232013153421068	0.0368229150772095
01232013153421148	0.0457226559519768
01232013153421229	0.000117187497380655
01232013153421868	0.00000325520841215621
01232013153421948	0.00000325520841215621
01232013153422508	0.0154069010168314
01232013153422588	0.0750162750482559
01232013153423148	0.00000325520841215621
01232013153423869	0.00000325520841215621
01232013153424988	0.0000683593752910383
01232013153425148	0.0000651041700621136
01232013153425228	0.0000260416672972497
01232013153425308	0.0000390624991268851
01232013153425388	0.0000227864584303461
01232013153425468	0.0000195312495634425
01232013153425548	0.0000260416672972497
01232013153425632	0.0000260416672972497
01232013153425708	0.000442708347691223
01232013153425788	0.0947005227208138
01232013153425868	0.00193033856339753
01232013153425948	0.0000130208336486248
01232013153426028	0.0000162760425155284
01232013153428748	0.00000325520841215621
01232013153430189	0.00000325520841215621
01232013153430349	0.00000325520841215621
01232013153430749	0.00000325520841215621
01232013153430988	0.00000325520841215621
01232013153431149	0.00000325520841215621
01232013153431469	0.00630533834919333
01232013153431564	0.0000130208336486248
01232013153431645	0.00114583328831941
01232013153431726	0.238961592316628
01232013153431805	0.463932305574417
01232013153431885	0.48799803853035
01232013153431965	0.234186202287674
01232013153432044	0.0014518229290843
01232013153433005	0.00000325520841215621
01232013153434605	0.00000325520841215621
01232013153435404	0.00000325520841215621
01232013153436606	0.0000944010389503092
01232013153437164	0.00000325520841215621
01232013153437405	0.0000520833345944993
01232013153437485	0.0000358072902599815
01232013153437565	0.0000553385434614029
01232013153437645	0.0000227864584303461
01232013153437725	0.0000944010389503092
01232013153437884	0.000530598976183683
01232013153437964	0.000514322891831398
01232013153438044	0.000266927090706304
01232013153438285	0.00000976562478172127
01232013153438364	0.0000423177079937886
01232013153438444	0.00000325520841215621
01232013153438764	0.00188802077900618
01232013153438844	0.0944726541638374
01232013153438924	0.00150716141797602
01232013153439004	0.0000911458337213844
01232013153439164	0.0000292968743451638
01232013153439244	0.0000260416672972497
01232013153439325	0.00000651041682431242
01232013153440045	0.00000325520841215621
01232013153440285	0.00000325520841215621
01232013153441645	0.00000651041682431242
01232013153442685	0.00000325520841215621
01232013153444045	0.00000325520841215621
01232013153444365	0.00000325520841215621
01232013153444605	0.00000325520841215621
01232013153445565	0.00000325520841215621
01232013153445805	0.00000325520841215621
01232013153446045	0.00000325520841215621
01232013153446764	0.00000325520841215621
01232013153446925	0.00000325520841215621
01232013153448125	0.00000651041682431242
01232013153449405	0.00000325520841215621
01232013153450142	0.00000325520841215621
01232013153450541	0.00000325520841215621
01232013153452622	0.00000651041682431242
01232013153452781	0.00000651041682431242
01232013153453501	0.00000325520841215621
01232013153454461	0.00000651041682431242
01232013153454621	0.00000325520841215621
01232013153454702	0.00000325520841215621
01232013153456541	0.00000325520841215621
01232013153457741	0.00000325520841215621
01232013153457901	0.00000325520841215621
01232013153458141	0.00000325520841215621
01232013153459181	0.00000325520841215621
01232013153500222	0.00000651041682431242
01232013153500302	0.00000325520841215621
01232013153501102	0.00000325520841215621
01232013153501502	0.00000325520841215621
01232013153506382	0.00000325520841215621
01232013153506461	0.00000325520841215621
01232013153506861	0.00000325520841215621
01232013153507341	0.00000651041682431242
01232013153510079	0.00000651041682431242
01232013153510318	0.00000325520841215621
01232013153510638	0.00000325520841215621
01232013153512558	0.00000325520841215621
01232013153512878	0.00000325520841215621
01232013153513038	0.00000325520841215621
01232013153513518	0.00000325520841215621
01232013153513758	0.00000325520841215621
01232013153516398	0.00000325520841215621
01232013153516959	0.00000325520841215621
01232013153517038	0.00000325520841215621
01232013153517438	0.00000651041682431242
01232013153517518	0.00000325520841215621
01232013153517678	0.00000325520841215621
01232013153517838	0.00000325520841215621
01232013153518318	0.00000325520841215621
01232013153519037	0.00000325520841215621
01232013153519198	0.0000130208336486248
01232013153519919	0.00000325520841215621
01232013153523199	0.00000325520841215621
01232013153523679	0.00000325520841215621
01232013153523839	0.00000325520841215621
01232013153526574	0.00000325520841215621
01232013153527134	0.00000325520841215621
01232013153527695	0.00000325520841215621
01232013153529214	0.00000325520841215621
01232013153530415	0.00000325520841215621
01232013153530735	0.00000325520841215621
01232013153531216	0.0000130208336486248
01232013153531296	0.000524088565725833
01232013153531376	0.000234374994761311
01232013153531456	0.00000651041682431242
01232013153531696	0.00000325520841215621
01232013153532335	0.00000325520841215621
01232013153533056	0.00000325520841215621
01232013153533535	0.00000651041682431242
01232013153534255	0.00000325520841215621
01232013153534815	0.00000325520841215621
01232013153535935	0.00000325520841215621
01232013153536655	0.00000325520841215621
01232013153537375	0.00000325520841215621
01232013153538655	0.00000325520841215621
01232013153538735	0.00000325520841215621
01232013153539055	0.00000325520841215621
01232013153539134	0.00000325520841215621
01232013153539774	0.00000325520841215621
01232013153541136	0.00000325520841215621
01232013153541936	0.00000325520841215621
01232013153542096	0.00000325520841215621
01232013153542816	0.00000325520841215621
01232013153543457	0.00000325520841215621
01232013153543696	0.00000325520841215621
01232013153546191	0.00000325520841215621
01232013153546751	0.00000325520841215621
01232013153548112	0.00000325520841215621
01232013153548271	0.00000325520841215621
01232013153548672	0.00000325520841215621
01232013153548911	0.00000651041682431242
01232013153549071	0.00000325520841215621
01232013153549311	0.00000325520841215621
01232013153549792	0.00000651041682431242
01232013153549952	0.00000325520841215621
01232013153550272	0.00000325520841215621
01232013153550432	0.00000325520841215621
01232013153550752	0.00000325520841215621
01232013153550992	0.0000130208336486248
01232013153552672	0.00000325520841215621
01232013153553472	0.00000325520841215621
01232013153553712	0.00000325520841215621
01232013153553872	0.00000325520841215621
01232013153554832	0.00000325520841215621
01232013153555232	0.00000325520841215621
01232013153555472	0.00000325520841215621
01232013153555872	0.00000325520841215621
01232013153556592	0.00000325520841215621
01232013153556992	0.00000325520841215621
01232013153558432	0.00000325520841215621
01232013153558992	0.00000325520841215621
01232013153600672	0.00000651041682431242
01232013153600753	0.00000325520841215621
01232013153601792	0.00000651041682431242
01232013153604528	0.00000325520841215621
01232013153604608	0.00000325520841215621
01232013153604928	0.00000325520841215621
01232013153606528	0.00000325520841215621
01232013153607008	0.00000325520841215621
01232013153607088	0.00000325520841215621
01232013153609168	0.00000325520841215621
01232013153609488	0.00000651041682431242
01232013153611409	0.00000976562478172127
01232013153611889	0.00000325520841215621
01232013153611969	0.00000325520841215621
01232013153612449	0.00000325520841215621
01232013153614209	0.00000325520841215621
01232013153614449	0.00000651041682431242
01232013153614689	0.00000325520841215621
01232013153614850	0.00000651041682431242
01232013153615249	0.00000325520841215621
01232013153615408	0.00000651041682431242
01232013153615808	0.00000325520841215621
01232013153615889	0.00000325520841215621
01232013153617248	0.00000325520841215621
01232013153617408	0.00000325520841215621
01232013153617729	0.00000325520841215621
01232013153617969	0.00000976562478172127
01232013153618048	0.00000651041682431242
01232013153618129	0.00000325520841215621
01232013153618689	0.00000325520841215621
01232013153619728	0.00000325520841215621
01232013153620369	0.00000325520841215621
01232013153620609	0.00000651041682431242
01232013153620689	0.00000651041682431242
01232013153621265	0.00000651041682431242
01232013153622305	0.00000325520841215621
01232013153623025	0.00000325520841215621
01232013153624225	0.00000325520841215621
01232013153624945	0.00000325520841215621
01232013153626785	0.00000325520841215621
01232013153627025	0.00000325520841215621
01232013153627265	0.00000325520841215621
01232013153627664	0.00000651041682431242
01232013153628625	0.00000325520841215621
01232013153628705	0.00000325520841215621
01232013153629745	0.00000325520841215621
01232013153630066	0.00000325520841215621
01232013153630226	0.00000325520841215621
01232013153630866	0.00000325520841215621
01232013153631106	0.00000325520841215621
01232013153631825	0.00000651041682431242
01232013153632226	0.00000325520841215621
01232013153632466	0.00000325520841215621
01232013153632546	0.00000325520841215621
01232013153632786	0.00000325520841215621
01232013153633746	0.00000651041682431242
01232013153633825	0.00000325520841215621
01232013153634706	0.00000325520841215621
01232013153635506	0.00000325520841215621
01232013153635905	0.00000325520841215621
01232013153636305	0.00000325520841215621
01232013153637025	0.00000325520841215621
01232013153638305	0.00000325520841215621
01232013153638961	0.00000325520841215621
01232013153639441	0.00000325520841215621
01232013153640322	0.00000325520841215621
01232013153641922	0.00000325520841215621
01232013153644002	0.00000325520841215621
01232013153644323	0.00000325520841215621
01232013153646082	0.00000325520841215621
01232013153646242	0.00000651041682431242
01232013153647122	0.00000325520841215621
01232013153647362	0.00000325520841215621
01232013153647522	0.00000651041682431242
01232013153648962	0.00000325520841215621
01232013153649602	0.00000325520841215621
01232013153650082	0.00000325520841215621
01232013153650964	0.00000325520841215621
01232013153651042	0.00000325520841215621
01232013153652242	0.00000325520841215621
01232013153652803	0.00000325520841215621
01232013153653682	0.00000325520841215621
01232013153654163	0.00000325520841215621
01232013153654482	0.00000976562478172127
01232013153654722	0.00000325520841215621
01232013153654882	0.00000325520841215621
01232013153655922	0.00000325520841215621
01232013153656403	0.00000325520841215621
01232013153657778	0.00000325520841215621
01232013153658658	0.00000325520841215621
01232013153659298	0.00000325520841215621
01232013153659458	0.00000325520841215621
01232013153700579	0.000146484380820766
01232013153700659	0.00000976562478172127
01232013153701780	0.0000130208336486248
01232013153701859	0.0000781249982537702
01232013153701939	0.00000651041682431242
01232013153702420	0.00000325520841215621
01232013153702660	0.00000325520841215621
01232013153702979	0.0000130208336486248
01232013153704019	0.00000325520841215621
01232013153704338	0.00000325520841215621
01232013153704499	0.00000651041682431242
01232013153706341	0.00000325520841215621
01232013153706419	0.00000325520841215621
01232013153707699	0.00000325520841215621
01232013153708819	0.00000325520841215621
01232013153709859	0.00000325520841215621
01232013153709940	0.00000325520841215621
01232013153711139	0.00000651041682431242
01232013153712339	0.00000325520841215621
01232013153713059	0.00000651041682431242
01232013153713219	0.00000976562478172127
01232013153713860	0.00000325520841215621
01232013153713943	0.0000162760425155284
01232013153714659	0.00000325520841215621
01232013153714819	0.00000325520841215621
01232013153715060	0.00000325520841215621
01232013153715563	0.00000325520841215621
01232013153715643	0.129127606749535
01232013153715723	0.0671581998467445
01232013153715795	0.000175781256984919
01232013153715877	0.376764327287674
01232013153715963	0.135856121778488
01232013153716278	0.00000325520841215621
01232013153716360	0.00000325520841215621
01232013153716679	0.00000976562478172127
01232013153716995	0.00000325520841215621
01232013153717315	0.00000325520841215621
01232013153717395	0.00000325520841215621
01232013153717795	0.00000325520841215621
01232013153717955	0.00000325520841215621
01232013153718035	0.00000325520841215621
01232013153718115	0.00000325520841215621
01232013153718355	0.00000325520841215621
01232013153718755	0.00000325520841215621
01232013153718835	0.00000325520841215621
01232013153719075	0.00000651041682431242
01232013153719318	0.00000325520841215621
01232013153719556	0.00000325520841215621
01232013153719638	0.00000651041682431242
01232013153719720	0.380966782569885
01232013153719806	0.129267573356628
01232013153719884	0.00000976562478172127
01232013153719959	0.1328125
01232013153720116	0.00506510399281979
01232013153720201	0.00000325520841215621
01232013153720280	0.000172526037204079
01232013153720599	0.00000325520841215621
01232013153724682	0.00000325520841215621
01232013153724837	0.0012076823040843
01232013153724997	0.00000325520841215621
01232013153726356	0.00000325520841215621
01232013153726755	0.00000325520841215621
01232013153726996	0.00000325520841215621
01232013153727155	0.00000325520841215621
01232013153728916	0.00000325520841215621
01232013153732214	0.0116015626117587
01232013153732291	0.0769433602690697
01232013153732436	0.0919889286160469
01232013153732596	0.00000325520841215621
01232013153734292	0.00000976562478172127
01232013153734372	0.00000651041682431242
01232013153735332	0.00000325520841215621
01232013153736052	0.00000325520841215621
01232013153738532	0.0000195312495634425
01232013153738612	0.00346354162320495
01232013153739572	0.00000325520841215621
01232013153743252	0.00000325520841215621
01232013153743492	0.00000325520841215621
01232013153743813	0.00000325520841215621
01232013153744452	0.00000325520841215621
01232013153745172	0.00000325520841215621
01232013153745973	0.00000651041682431242
01232013153747413	0.00000325520841215621
01232013153747492	0.00000325520841215621
01232013153747573	0.00000325520841215621
01232013153747976	0.0122200520709157
01232013153748057	0.0516601577401161
01232013153748933	0.00000325520841215621
01232013153749093	0.00000651041682431242
01232013153749333	0.00000325520841215621
01232013153749413	0.00000325520841215621
01232013153749973	0.00000325520841215621
01232013153753109	0.00000325520841215621
01232013153753189	0.0000227864584303461
01232013153753589	0.00000325520841215621
01232013153755349	0.00000325520841215621
01232013153757191	0.00000325520841215621
01232013153758790	0.00000976562478172127
01232013153800150	0.00000325520841215621
01232013153800796	0.00000325520841215621
01232013153800870	0.00000325520841215621
01232013153800950	0.00000325520841215621
01232013153801670	0.00000325520841215621
01232013153803429	0.00000325520841215621
01232013153805269	0.00000325520841215621
01232013153805349	0.00000325520841215621
01232013153806469	0.00000325520841215621
01232013153807429	0.00000325520841215621
01232013153809030	0.00000325520841215621
01232013153811047	0.00000325520841215621
01232013153811215	0.00000325520841215621
01232013153813286	0.00000325520841215621
01232013153813846	0.00000325520841215621
01232013153815125	0.00000325520841215621
01232013153815526	0.00000325520841215621
01232013153815926	0.00000325520841215621
01232013153816006	0.00000651041682431242
01232013153816885	0.00000325520841215621
01232013153817846	0.00000651041682431242
01232013153821926	0.00000651041682431242
01232013153822646	0.00000325520841215621
01232013153823286	0.00000325520841215621
01232013153824886	0.00000325520841215621
01232013153827046	0.00000976562478172127
01232013153827765	0.00000325520841215621
01232013153829862	0.00000325520841215621
01232013153832823	0.00000325520841215621
01232013153833462	0.00000325520841215621
01232013153834022	0.00000325520841215621
01232013153835862	0.00000325520841215621
01232013153835942	0.00000325520841215621
01232013153836663	0.00000325520841215621
01232013153836742	0.152926430106163
01232013153836823	0.331285804510117
01232013153837142	0.00000325520841215621
01232013153838102	0.00000325520841215621
01232013153838183	0.00000325520841215621
01232013153839142	0.00000976562478172127
01232013153839703	0.00000325520841215621
01232013153839864	0.00000976562478172127
01232013153840108	0.344544261693954
01232013153840191	0.256461590528488
01232013153840264	0.00000325520841215621
01232013153840354	0.129628911614418
01232013153840509	0.00988606736063957
01232013153840664	0.000527343770954758
01232013153840744	0.00000651041682431242
01232013153840831	0.00000325520841215621
01232013153842504	0.00000325520841215621
01232013153843383	0.00000325520841215621
01232013153846758	0.00000325520841215621
01232013153846838	0.00000651041682431242
01232013153847878	0.00000651041682431242
01232013153849718	0.00000325520841215621
01232013153852039	0.00000325520841215621
01232013153852919	0.00000325520841215621
01232013153852999	0.00000325520841215621
01232013153853559	0.0000130208336486248
01232013153854039	0.00000325520841215621
01232013153858439	0.00000651041682431242
01232013153901640	0.00000325520841215621
01232013153902443	0.00000325520841215621
01232013153902599	0.00000325520841215621
01232013153904279	0.00000976562478172127
01232013153904359	0.00000325520841215621
01232013153905015	0.00000325520841215621
01232013153906215	0.00000325520841215621
01232013153906775	0.00000325520841215621
01232013153908855	0.00000325520841215621
01232013153909576	0.00000325520841215621
01232013153910616	0.00000651041682431242
01232013153911736	0.00000325520841215621
01232013153912616	0.00000325520841215621
01232013153913416	0.00000325520841215621
01232013153913737	0.00000325520841215621
01232013153914856	0.00000325520841215621
01232013153916136	0.00000325520841215621
01232013153917656	0.00000325520841215621
01232013153917896	0.00000651041682431242
01232013153918376	0.00000325520841215621
01232013153919976	0.00000325520841215621
01232013153920297	0.00000651041682431242
01232013153921336	0.00000325520841215621
01232013153922456	0.00000325520841215621
01232013153922536	0.00000325520841215621
01232013153924712	0.00000325520841215621
01232013153925672	0.00000325520841215621
01232013153927993	0.00000325520841215621
01232013153929592	0.00000325520841215621
01232013153930074	0.00000651041682431242
01232013153932074	0.00000325520841215621
01232013153932153	0.00025065103545785
01232013153932233	0.0000911458337213844
01232013153932312	0.00000976562478172127
01232013153933433	0.00000325520841215621
01232013153933526	0.00000325520841215621
01232013153933914	0.252675771713257
01232013153933993	0.31571289896965
01232013153934313	0.0000130208336486248
01232013153934473	0.00000651041682431242
01232013153934556	0.00000325520841215621
01232013153935113	0.00000325520841215621
01232013153935433	0.00000325520841215621
01232013153935672	0.00000325520841215621
01232013153935753	0.00000651041682431242
01232013153936076	0.00000325520841215621
01232013153936152	0.00000325520841215621
01232013153936233	0.00000325520841215621
01232013153936393	0.00000325520841215621
01232013153936804	0.00000325520841215621
01232013153937193	0.00000325520841215621
01232013153937514	0.00000325520841215621
01232013153938233	0.00000325520841215621
01232013153938473	0.0000130208336486248
01232013153938792	0.00000325520841215621
01232013153938873	0.00000976562478172127
01232013153938954	0.00000325520841215621
01232013153939112	0.00000976562478172127
01232013153939436	0.00000651041682431242
01232013153939514	0.00000325520841215621
01232013153939757	0.356923818588257
01232013153939839	0.236074224114418
01232013153939995	0.0693489611148834
01232013153940073	0.000794270832557231
01232013153940159	0.0128710940480232
01232013153940316	0.0044205728918314
01232013153940395	0.00000325520841215621
01232013153940635	0.000143229161039926
01232013153940717	0.00000325520841215621
01232013153940799	0.00000325520841215621
01232013153941131	0.00000651041682431242
01232013153941290	0.00000325520841215621
01232013153944569	0.00000325520841215621
01232013153944729	0.00000325520841215621
01232013153946411	0.0000260416672972497
01232013153948009	0.0000618489575572312
01232013153948090	0.000110677086922806
01232013153948170	0.000273437501164153
01232013153948412	0.00000651041682431242
01232013153948489	0.00000325520841215621
01232013153948970	0.00000325520841215621
01232013153950652	0.00000325520841215621
01232013153951609	0.00000325520841215621
01232013153952010	0.00000325520841215621
01232013153952170	0.00000325520841215621
01232013153953050	0.00000325520841215621
01232013153953770	0.00000325520841215621
01232013153954090	0.00000325520841215621
01232013153956489	0.0000325520850310568
01232013153958095	0.00000325520841215621
01232013153958812	0.00000325520841215621
01232013154000906	0.00298828119412065
01232013154001386	0.0000390624991268851
01232013154001466	0.0009765625
01232013154002588	0.000302734377328306
01232013154002669	0.0000618489575572312
01232013154002749	0.0120735680684447
01232013154003310	0.000618489575572312
01232013154004267	0.00000651041682431242
01232013154004746	0.0000130208336486248
01232013154006273	0.00313802086748183
01232013154006586	0.00000976562478172127
01232013154006667	0.0000358072902599815
01232013154007466	0.00000325520841215621
01232013154008346	0.00000325520841215621
01232013154008506	0.00000325520841215621
01232013154008986	0.00000325520841215621
01232013154009545	0.0000390624991268851
01232013154009786	0.00000325520841215621
01232013154009948	0.00186848954763263
01232013154010026	0.0036490885540843
01232013154010107	0.0167740881443024
01232013154010266	0.00000325520841215621
01232013154010426	0.00000325520841215621
01232013154010507	0.00000325520841215621
01232013154010589	0.00777018209919333
01232013154010667	0.0474088527262211
01232013154010748	0.0785123705863953
01232013154011070	0.00000651041682431242
01232013154011147	0.00000651041682431242
01232013154011546	0.000524088565725833
01232013154011627	0.000455729168606922
01232013154011712	0.000618489575572312
01232013154011793	0.0000781249982537702
01232013154011951	0.101204425096512
01232013154012029	0.0991113260388374
01232013154012108	0.00825846381485462
01232013154012192	0.363776028156281
01232013154012274	0.0330175794661045
01232013154012427	0.00000976562478172127
01232013154012667	0.00000651041682431242
01232013154012752	0.00000325520841215621
01232013154012828	0.00000325520841215621
01232013154013067	0.00000325520841215621
01232013154013469	0.00000325520841215621
01232013154013546	0.00000325520841215621
01232013154013787	0.00000325520841215621
01232013154014268	0.00000325520841215621
01232013154014427	0.00000325520841215621
01232013154014507	0.00000325520841215621
01232013154014588	0.00000325520841215621
01232013154014907	0.00000325520841215621
01232013154015226	0.00000325520841215621
01232013154015467	0.00000651041682431242
01232013154015787	0.00000325520841215621
01232013154016266	0.00000651041682431242
01232013154016510	0.00000325520841215621
01232013154016749	0.00000325520841215621
01232013154017074	0.328183591365814
01232013154017154	0.281669914722443
01232013154017307	0.143235683441162
01232013154017484	0.010026041418314
01232013154017644	0.00330729177221656
01232013154017808	0.00000325520841215621
01232013154017891	0.00000651041682431242
01232013154018442	0.00000325520841215621
01232013154018522	0.00000325520841215621
01232013154018763	0.00000651041682431242
01232013154019976	0.00000325520841215621
01232013154020204	0.00000325520841215621
01232013154020443	0.00000651041682431242
01232013154022203	0.00000325520841215621
01232013154025723	0.00000325520841215621
01232013154025803	0.00000325520841215621
01232013154026848	0.192861333489418
01232013154026925	0.211028650403023
01232013154027643	0.00000325520841215621
01232013154030046	0.00000325520841215621
01232013154030444	0.00032552084303461
01232013154030604	0.00000325520841215621
01232013154032691	0.00000325520841215621
01232013154033724	0.00000325520841215621
01232013154033884	0.00000651041682431242
01232013154035087	0.00000325520841215621
01232013154035821	0.00000325520841215621
01232013154042620	0.0000292968743451638
01232013154042700	0.0000683593752910383
01232013154043180	0.00000325520841215621
01232013154043340	0.00000325520841215621
01232013154044461	0.0540039055049419
01232013154045341	0.00000651041682431242
01232013154047260	0.0046516926959157
01232013154048619	0.00000325520841215621
01232013154048944	0.00000325520841215621
01232013154049099	0.00000325520841215621
01232013154049339	0.00000325520841215621
01232013154049740	0.00285156257450581
01232013154049820	0.000126953120343387
01232013154050620	0.00541341165080667
01232013154050700	0.000162760421517305
01232013154050940	0.00000325520841215621
01232013154051980	0.00000325520841215621
01232013154052780	0.00000325520841215621
01232013154053020	0.00000325520841215621
01232013154054236	0.00000651041682431242
01232013154054636	0.00000325520841215621
01232013154056796	0.00000325520841215621
01232013154057436	0.00196940102614462
01232013154057676	0.000130208340124227
01232013154057756	0.00000976562478172127
01232013154059676	0.00000325520841215621
01232013154101597	0.0000162760425155284
01232013154101676	0.0101464847102761
01232013154101836	0.00000325520841215621
01232013154102637	0.000211588543606922
01232013154102717	0.00000325520841215621
01232013154103197	0.0000455729168606922
01232013154103276	0.00000651041682431242
01232013154103837	0.0000227864584303461
01232013154103916	0.0000781249982537702
01232013154104237	0.00232096365652978
01232013154105677	0.0396256521344185
01232013154106236	0.00000325520841215621
01232013154106796	0.00000325520841215621
01232013154106876	0.00000325520841215621
01232013154107523	0.0165364574640989
01232013154107602	0.0755696594715118
01232013154107680	0.0721744820475578
01232013154107837	0.00000325520841215621
01232013154108637	0.00000651041682431242
01232013154108717	0.00000976562478172127
01232013154109679	0.00000325520841215621
01232013154109758	0.00000325520841215621
01232013154110481	0.00000325520841215621
01232013154111757	0.00000325520841215621
01232013154113933	0.00000325520841215621
01232013154114974	0.00000325520841215621
01232013154115293	0.00000325520841215621
01232013154116494	0.00000325520841215621
01232013154117053	0.00000325520841215621
01232013154117213	0.00000325520841215621
01232013154118174	0.00000325520841215621
01232013154118576	0.00000325520841215621
01232013154118894	0.00000325520841215621
01232013154120174	0.00000325520841215621
01232013154120254	0.00000325520841215621
01232013154121134	0.00000325520841215621
01232013154121702	0.00000325520841215621
01232013154121859	0.0190657544881105
01232013154123694	0.00000325520841215621
01232013154123933	0.00000325520841215621
01232013154124013	0.00000325520841215621
01232013154124733	0.00000325520841215621
01232013154126499	0.00425781263038516
01232013154127218	0.00000651041682431242
01232013154127455	0.000908203131984919
01232013154127533	0.000429687497671694
01232013154127613	0.000387369800591841
01232013154128493	0.00000325520841215621
01232013154128734	0.00000325520841215621
01232013154130750	0.00000325520841215621
01232013154131870	0.00000325520841215621
01232013154131950	0.00000325520841215621
01232013154134750	0.00000325520841215621
01232013154135070	0.00000325520841215621
01232013154135310	0.00000325520841215621
01232013154135550	0.00000325520841215621
01232013154136510	0.00000325520841215621
01232013154138031	0.00000976562478172127
01232013154138912	0.00000325520841215621
01232013154139229	0.00000325520841215621
01232013154142273	0.00000325520841215621
01232013154142830	0.00599934905767441
01232013154142910	0.000198567708139308
01232013154143310	0.000667317712213844
01232013154144350	0.00000325520841215621
01232013154144670	0.00000325520841215621
01232013154148686	0.00000325520841215621
01232013154149486	0.00000325520841215621
01232013154150289	0.00000325520841215621
01232013154151487	0.00000325520841215621
01232013154153570	0.00000325520841215621
01232013154154127	0.00000325520841215621
01232013154155327	0.00000325520841215621
01232013154155487	0.00000651041682431242
01232013154155648	0.00000325520841215621
01232013154157806	0.00000325520841215621
01232013154159806	0.00000651041682431242
01232013154201570	0.00000325520841215621
01232013154202768	0.00000325520841215621
01232013154203327	0.00000651041682431242
01232013154205089	0.00000325520841215621
01232013154205167	0.00000325520841215621
01232013154205567	0.00000325520841215621
01232013154207264	0.00000325520841215621
01232013154208303	0.00000325520841215621
01232013154208383	0.00000325520841215621
01232013154209263	0.00000651041682431242
01232013154212623	0.00000325520841215621
01232013154214223	0.00000325520841215621
01232013154214787	0.00000325520841215621
01232013154215264	0.00000325520841215621
01232013154216943	0.00000325520841215621
01232013154217664	0.00000325520841215621
01232013154218943	0.00000651041682431242
01232013154219905	0.00000325520841215621
01232013154222224	0.00000325520841215621
01232013154223424	0.00000325520841215621
01232013154224144	0.00000325520841215621
01232013154230884	0.00000325520841215621
01232013154232321	0.00000976562478172127
01232013154232481	0.00000325520841215621
01232013154232641	0.00000325520841215621
01232013154233200	0.00000325520841215621
01232013154234000	0.00000325520841215621
01232013154234560	0.00000325520841215621
01232013154234800	0.00000325520841215621
01232013154235440	0.00000651041682431242
01232013154237047	0.00000325520841215621
01232013154237124	0.0000651041700621136
01232013154237203	0.00000325520841215621
01232013154237760	0.00000325520841215621
01232013154239202	0.00000325520841215621
01232013154239683	0.00000325520841215621
01232013154239764	0.00000325520841215621
01232013154239842	0.00000325520841215621
01232013154241521	0.00000325520841215621
01232013154242481	0.00000325520841215621
01232013154243377	0.00000325520841215621
01232013154244737	0.00000325520841215621
01232013154248418	0.00000325520841215621
01232013154251217	0.00000325520841215621
01232013154254417	0.00000325520841215621
01232013154254497	0.00000325520841215621
01232013154257857	0.00000325520841215621
01232013154258417	0.00000325520841215621
01232013154258817	0.00000325520841215621
01232013154259779	0.00000325520841215621
01232013154300978	0.00000325520841215621
01232013154302595	0.00000325520841215621
01232013154302837	0.00000325520841215621
01232013154303714	0.00000325520841215621
01232013154305076	0.00000325520841215621
01232013154305154	0.00000325520841215621
01232013154305474	0.00000325520841215621
01232013154306115	0.00000325520841215621
01232013154308593	0.00000325520841215621
01232013154308833	0.00000325520841215621
01232013154310034	0.00000325520841215621
01232013154310918	0.00000325520841215621
01232013154311476	0.00000325520841215621
01232013154311635	0.00000325520841215621
01232013154312435	0.00000325520841215621
01232013154316754	0.00000325520841215621
01232013154317234	0.00000325520841215621
01232013154317954	0.00000325520841215621
01232013154319571	0.00000325520841215621
01232013154321171	0.00000325520841215621
01232013154321492	0.00000325520841215621
01232013154322693	0.00483398418873549
01232013154324531	0.00000325520841215621
01232013154324690	0.00000325520841215621
01232013154325090	0.00000325520841215621
01232013154325250	0.00000325520841215621
01232013154327172	0.00000325520841215621
01232013154327653	0.00000325520841215621
01232013154327890	0.00000325520841215621
01232013154329652	0.00000325520841215621
01232013154330371	0.00000325520841215621
01232013154330933	0.00000325520841215621
01232013154331092	0.00000325520841215621
01232013154331652	0.00000325520841215621
01232013154333411	0.00000325520841215621
01232013154333571	0.00000325520841215621
01232013154334211	0.00000325520841215621
01232013154334371	0.00000651041682431242
01232013154335333	0.00000651041682431242
01232013154335811	0.00000325520841215621
01232013154336771	0.00000651041682431242
01232013154336850	0.00000651041682431242
01232013154337172	0.00000651041682431242
01232013154341268	0.00000325520841215621
01232013154341908	0.00000325520841215621
01232013154348707	0.00000325520841215621
01232013154351028	0.00000325520841215621
01232013154351188	0.00000325520841215621
01232013154352068	0.00000325520841215621
01232013154353428	0.00000325520841215621
01232013154353668	0.00000325520841215621
01232013154355350	0.00000325520841215621
01232013154356165	0.00000325520841215621
01232013154356645	0.00000325520841215621
01232013154358647	0.00000325520841215621
01232013154359524	0.00000651041682431242
01232013154400805	0.00000325520841215621
01232013154400964	0.00000325520841215621
01232013154401204	0.00000325520841215621
01232013154402008	0.00000325520841215621
01232013154402646	0.00000325520841215621
01232013154403364	0.00000325520841215621
01232013154404085	0.00000325520841215621
01232013154404404	0.00000325520841215621
01232013154404644	0.00000325520841215621
01232013154405766	0.00000325520841215621
01232013154407205	0.00000325520841215621
01232013154407284	0.00000325520841215621
01232013154407604	0.00000325520841215621
01232013154408166	0.0153287760913372
01232013154408964	0.00000325520841215621
01232013154409124	0.00000325520841215621
01232013154409845	0.00000325520841215621
01232013154411605	0.00000651041682431242
01232013154411925	0.00000325520841215621
01232013154412884	0.00000325520841215621
01232013154413048	0.00000651041682431242
01232013154414341	0.00000325520841215621
01232013154414421	0.00000976562478172127
01232013154415460	0.00000325520841215621
01232013154415623	0.00000325520841215621
01232013154417620	0.00000325520841215621
01232013154417700	0.00000325520841215621
01232013154417780	0.00000325520841215621
01232013154418342	0.00000325520841215621
01232013154419301	0.00000325520841215621
01232013154419620	0.00000325520841215621
01232013154420421	0.00000325520841215621
01232013154421622	0.00000325520841215621
01232013154423382	0.00000325520841215621
01232013154424901	0.00000325520841215621
01232013154426422	0.00000325520841215621
01232013154429781	0.00000325520841215621
01232013154429862	0.00000325520841215621
01232013154430185	0.0338899753987789
01232013154430662	0.00000325520841215621
01232013154432438	0.0281282551586628
01232013154432520	0.00000325520841215621
01232013154432679	0.00000325520841215621
01232013154434758	0.00000651041682431242
01232013154437639	0.00000325520841215621
01232013154438198	0.00000651041682431242
01232013154441318	0.00000325520841215621
01232013154443242	0.0063216146081686
01232013154443558	0.00000651041682431242
01232013154444279	0.00000325520841215621
01232013154444359	0.00497395824640989
01232013154445318	0.00000325520841215621
01232013154445958	0.00000325520841215621
01232013154446438	0.0000130208336486248
01232013154447078	0.00000325520841215621
01232013154447798	0.00000325520841215621
01232013154448358	0.00000651041682431242
01232013154449398	0.00000325520841215621
01232013154450039	0.00000325520841215621
01232013154452374	0.00000325520841215621
01232013154452454	0.00000325520841215621
01232013154452694	0.00000325520841215621
01232013154453255	0.00000325520841215621
01232013154453658	0.000485026044771075
01232013154454374	0.00000325520841215621
01232013154456454	0.00000325520841215621
01232013154456534	0.00000325520841215621
01232013154458054	0.00000325520841215621
01232013154458134	0.00000325520841215621
01232013154458694	0.00000325520841215621
01232013154459654	0.00000325520841215621
01232013154501015	0.00000325520841215621
01232013154501575	0.00000325520841215621
01232013154501895	0.00000325520841215621
01232013154503815	0.00000325520841215621
01232013154505576	0.00000325520841215621
01232013154506135	0.00000325520841215621
01232013154507815	0.00000325520841215621
01232013154508695	0.00000325520841215621
01232013154508951	0.00000325520841215621
01232013154509110	0.00000325520841215621
01232013154509591	0.00000325520841215621
01232013154511352	0.00000325520841215621
01232013154512152	0.00000325520841215621
01232013154512791	0.00000325520841215621
01232013154515831	0.00000325520841215621
01232013154516312	0.00000325520841215621
01232013154520072	0.00000325520841215621
01232013154521192	0.00000325520841215621
01232013154522072	0.00000325520841215621
01232013154522952	0.00000325520841215621
01232013154524391	0.00000325520841215621
01232013154528887	0.00000325520841215621
01232013154529848	0.00000325520841215621
01232013154530008	0.00000325520841215621
01232013154531208	0.00000325520841215621
01232013154532728	0.0000130208336486248
01232013154533288	0.00000325520841215621
01232013154535528	0.00000651041682431242
01232013154535768	0.00000325520841215621
01232013154535848	0.00000325520841215621
01232013154539213	0.00227539055049419
01232013154539529	0.00000325520841215621
01232013154540569	0.00000325520841215621
01232013154541530	0.00000651041682431242
01232013154541769	0.00000325520841215621
01232013154542249	0.00000325520841215621
01232013154542650	0.00000325520841215621
01232013154543932	0.00000325520841215621
01232013154544089	0.00000325520841215621
01232013154546026	0.00000325520841215621
01232013154546344	0.00000325520841215621
01232013154547545	0.00000325520841215621
01232013154547784	0.00000325520841215621
01232013154548825	0.00000325520841215621
01232013154549145	0.00000325520841215621
01232013154550345	0.00000325520841215621
01232013154552265	0.00000325520841215621
01232013154552425	0.00000325520841215621
01232013154553465	0.00000325520841215621
01232013154555866	0.00000325520841215621
01232013154557465	0.00000651041682431242
01232013154558425	0.00000651041682431242
01232013154600026	0.00000325520841215621
01232013154600265	0.00000325520841215621
01232013154600426	0.00000325520841215621
01232013154601226	0.00000325520841215621
01232013154604041	0.00000325520841215621
01232013154604122	0.00000976562478172127
01232013154604201	0.00000325520841215621
01232013154604281	0.00000325520841215621
01232013154604521	0.00000325520841215621
01232013154605641	0.00000325520841215621
01232013154605722	0.00000325520841215621
01232013154607321	0.00000325520841215621
01232013154608601	0.00000325520841215621
01232013154610362	0.00000976562478172127
01232013154611802	0.00000651041682431242
01232013154611882	0.00000325520841215621
01232013154614362	0.00000651041682431242
01232013154617081	0.00000325520841215621
01232013154617402	0.00000325520841215621
01232013154619081	0.00000325520841215621
01232013154621083	0.00000325520841215621
01232013154623738	0.00000325520841215621
01232013154623898	0.00000325520841215621
01232013154625018	0.00000325520841215621
01232013154626698	0.00000325520841215621
01232013154628218	0.00000325520841215621
01232013154628298	0.00000325520841215621
01232013154629338	0.00000651041682431242
01232013154632619	0.00000325520841215621
01232013154633498	0.00000325520841215621
01232013154642076	0.00000325520841215621
01232013154642555	0.00000325520841215621
01232013154642875	0.00000325520841215621
01232013154644315	0.00000651041682431242
01232013154647195	0.00000325520841215621
01232013154647356	0.00000325520841215621
01232013154647755	0.00000325520841215621
01232013154652636	0.00000325520841215621
01232013154653196	0.00000325520841215621
01232013154656555	0.00000325520841215621
01232013154701052	0.00000325520841215621
01232013154701134	0.00000325520841215621
01232013154701372	0.00000325520841215621
01232013154704334	0.00000325520841215621
01232013154704492	0.00000651041682431242
01232013154704572	0.00000325520841215621
01232013154704652	0.00000325520841215621
01232013154706572	0.00000325520841215621
01232013154706732	0.00000325520841215621
01232013154709052	0.00000325520841215621
01232013154709612	0.00000651041682431242
01232013154710335	0.0145312501117587
01232013154711053	0.00000325520841215621
01232013154712173	0.00000325520841215621
01232013154713213	0.00000325520841215621
01232013154713852	0.00000325520841215621
01232013154715932	0.00000325520841215621
01232013154716092	0.00000325520841215621
01232013154716268	0.00000325520841215621
01232013154716828	0.00000325520841215621
01232013154717948	0.00000325520841215621
01232013154718829	0.00000325520841215621
01232013154719949	0.00000325520841215621
01232013154721949	0.00000651041682431242
01232013154723389	0.00000976562478172127
01232013154723469	0.00000325520841215621
01232013154723709	0.00000325520841215621
01232013154725629	0.00000325520841215621
01232013154725870	0.00000325520841215621
01232013154726429	0.00000325520841215621
01232013154726669	0.00000325520841215621
01232013154727069	0.00000325520841215621
01232013154727953	0.00000325520841215621
01232013154730909	0.00000325520841215621
01232013154734189	0.00000325520841215621
01232013154734269	0.00000325520841215621
01232013154735245	0.00000325520841215621
01232013154735485	0.00000325520841215621
01232013154738928	0.00000325520841215621
01232013154741646	0.00000325520841215621
01232013154742206	0.00000325520841215621
01232013154744045	0.00000325520841215621
01232013154747086	0.00000325520841215621
01232013154747648	0.00000651041682431242
01232013154748846	0.00000325520841215621
01232013154748925	0.00000651041682431242
01232013154751326	0.00000325520841215621
01232013154751566	0.00000325520841215621
01232013154752286	0.00000325520841215621
01232013154752446	0.00000325520841215621
01232013154753029	0.00000325520841215621
01232013154754304	0.00000325520841215621
01232013154755904	0.0014518229290843
01232013154759502	0.00000651041682431242
01232013154800383	0.00000325520841215621
01232013154800463	0.00000325520841215621
01232013154801102	0.00000325520841215621
01232013154805103	0.00000325520841215621
01232013154805343	0.00000325520841215621
01232013154805663	0.00000325520841215621
01232013154805743	0.00000325520841215621
01232013154806943	0.00000325520841215621
01232013154807904	0.00000325520841215621
01232013154808064	0.00000325520841215621
01232013154808623	0.00000325520841215621
01232013154808942	0.00000325520841215621
01232013154810463	0.00000325520841215621
01232013154811520	0.00000325520841215621
01232013154812879	0.00000325520841215621
01232013154812959	0.00000325520841215621
01232013154815279	0.00000325520841215621
01232013154816159	0.00000325520841215621
01232013154816958	0.00000325520841215621
01232013154817520	0.00000325520841215621
01232013154819279	0.00000325520841215621
01232013154819679	0.00000325520841215621
01232013154819839	0.00000325520841215621
01232013154819999	0.0000130208336486248
01232013154820079	0.00000976562478172127
01232013154820560	0.00000325520841215621
01232013154821040	0.00000651041682431242
01232013154821200	0.00000325520841215621
01232013154823520	0.00000325520841215621
01232013154823919	0.00000325520841215621
01232013154825199	0.00000325520841215621
01232013154825440	0.00000325520841215621
01232013154826240	0.0153059894219041
01232013154826640	0.00000325520841215621
01232013154827279	0.00000651041682431242
01232013154828881	0.00000325520841215621
01232013154829375	0.00136718747671694
01232013154829455	0.0131087237969041
01232013154830096	0.00000651041682431242
01232013154830656	0.00000651041682431242
01232013154830976	0.00000325520841215621
01232013154831616	0.00000325520841215621
01232013154832656	0.00000325520841215621
01232013154832897	0.00000325520841215621
01232013154834256	0.00000325520841215621
01232013154834816	0.00000325520841215621
01232013154835376	0.00000976562478172127
01232013154836896	0.00000325520841215621
01232013154837056	0.00000325520841215621
01232013154837376	0.00000325520841215621
01232013154837775	0.00000325520841215621
01232013154837936	0.00000325520841215621
01232013154838336	0.00682942708954215
01232013154838415	0.00553059903904796
01232013154839296	0.00000325520841215621
01232013154839376	0.00000325520841215621
01232013154840983	0.00000325520841215621
01232013154841536	0.00000325520841215621
01232013154842022	0.0390983074903488
01232013154842102	0.29146483540535
01232013154842184	0.318430989980698
01232013154842279	0.00203450513072312
01232013154842341	0.273629546165466
01232013154842432	0.216562494635582
01232013154842502	0.0836490914225578
01232013154842580	0.201256513595581
01232013154842725	0.305000007152557
01232013154842752	0.00176432286389172
01232013154842821	0.309755861759186
01232013154842897	0.228681638836861
01232013154842977	0.000644531275611371
01232013154843057	0.00000325520841215621
01232013154843701	0.277532547712326
01232013154843777	0.27127930521965
01232013154844097	0.00000325520841215621
01232013154844177	0.00000325520841215621
01232013154844337	0.00000325520841215621
01232013154847555	0.00000325520841215621
01232013154853235	0.00000325520841215621
01232013154855793	0.00000325520841215621
01232013154856193	0.00000651041682431242
01232013154856673	0.00000325520841215621
01232013154856833	0.00000325520841215621
01232013154857953	0.00000325520841215621
01232013154859002	0.00000976562478172127
01232013154859082	0.126054689288139
01232013154859156	0.195032551884651
01232013154859793	0.00000651041682431242
01232013154900356	0.0755045562982559
01232013154900438	0.104791663587093
01232013154900834	0.00507812481373549
01232013154901954	0.0123730469495058
01232013154902034	0.0570703111588955
01232013154902195	0.00000651041682431242
01232013154902275	0.0158072914928198
01232013154902354	0.00282877613790333
01232013154902435	0.000729166669771075
01232013154903075	0.00000651041682431242
01232013154903154	0.00000325520841215621
01232013154903399	0.0209016930311918
01232013154903476	0.149072259664536
01232013154904194	0.00000325520841215621
01232013154905394	0.00000325520841215621
01232013154905889	0.00000325520841215621
01232013154906851	0.00000325520841215621
01232013154907256	0.00000651041682431242
01232013154908372	0.00000651041682431242
01232013154909009	0.00000325520841215621
01232013154910610	0.00000325520841215621
01232013154910774	0.00000325520841215621
01232013154911332	0.00000325520841215621
01232013154912530	0.00000325520841215621
01232013154913251	0.00000325520841215621
01232013154913410	0.00000325520841215621
01232013154913651	0.00000325520841215621
01232013154914290	0.00000325520841215621
01232013154916051	0.0000944010389503092
01232013154917412	0.00000325520841215621
01232013154918691	0.00000325520841215621
01232013154919011	0.00000325520841215621
01232013154919730	0.00000325520841215621
01232013154920771	0.00000325520841215621
01232013154922133	0.00000651041682431242
01232013154922211	0.00000325520841215621
01232013154922850	0.000371093745343387
01232013154923491	0.00000325520841215621
01232013154924548	0.00463216146454215
01232013154927107	0.00000325520841215621
01232013154929267	0.00000976562478172127
01232013154931587	0.00000325520841215621
01232013154934467	0.00000325520841215621
01232013154935027	0.00000325520841215621
01232013154935747	0.00000325520841215621
01232013154936068	0.00000325520841215621
01232013154936307	0.00000325520841215621
01232013154936387	0.00000325520841215621
01232013154938547	0.00000325520841215621
01232013154942564	0.00000325520841215621
01232013154943443	0.00000325520841215621
01232013154943844	0.00000325520841215621
01232013154944883	0.00000325520841215621
01232013154945283	0.00282226572744548
01232013154945605	0.00000325520841215621
01232013154946084	0.00248697912320495
01232013154947045	0.00190429692156613
01232013154947124	0.0000846354159875773
01232013154948565	0.00000325520841215621
01232013154949363	0.00000325520841215621
01232013154950245	0.00000325520841215621
01232013154950405	0.00000325520841215621
01232013154951606	0.0000162760425155284
01232013154951688	0.000133463545353152
01232013154953449	0.00000651041682431242
01232013154956567	0.00000325520841215621
01232013154956884	0.00217773439362645
01232013154957043	0.000234374994761311
01232013154957445	0.00000325520841215621
01232013154958403	0.00301106763072312
01232013154958564	0.00000325520841215621
01232013154959206	0.00000325520841215621
01232013155000824	0.000810546858701855
01232013155000905	0.000244140625
01232013155002980	0.00000325520841215621
01232013155003301	0.00000325520841215621
01232013155007380	0.00000325520841215621
01232013155008583	0.0000292968743451638
01232013155008662	0.0000455729168606922
01232013155008900	0.0000651041700621136
01232013155009141	0.00000325520841215621
01232013155009222	0.00000325520841215621
01232013155009304	0.00000325520841215621
01232013155011941	0.00025065103545785
01232013155014261	0.00000325520841215621
01232013155015147	0.00000651041682431242
01232013155015542	0.00000325520841215621
01232013155019076	0.00000325520841215621
01232013155019879	0.00000976562478172127
01232013155020037	0.00000651041682431242
01232013155021557	0.00000325520841215621
01232013155024357	0.00000325520841215621
01232013155025157	0.00000325520841215621
01232013155026038	0.00000325520841215621
01232013155026357	0.00000325520841215621
01232013155027557	0.00000325520841215621
01232013155028677	0.00000325520841215621
01232013155028997	0.00000325520841215621
01232013155031319	0.00000325520841215621
01232013155031638	0.00000325520841215621
01232013155032038	0.00000325520841215621
01232013155032278	0.00000325520841215621
01232013155032438	0.00000325520841215621
01232013155033079	0.00000325520841215621
01232013155035559	0.00000325520841215621
01232013155037893	0.00000325520841215621
01232013155038214	0.00000325520841215621
01232013155038373	0.00000325520841215621
01232013155039493	0.00000325520841215621
01232013155041254	0.00000325520841215621
01232013155043094	0.00000325520841215621
01232013155043657	0.00000325520841215621
01232013155045654	0.00000651041682431242
01232013155046774	0.00000325520841215621
01232013155048534	0.00000325520841215621
01232013155050855	0.00000325520841215621
01232013155053974	0.00000651041682431242
01232013155055590	0.0000455729168606922
01232013155057271	0.00000325520841215621
01232013155057670	0.00000325520841215621
01232013155100071	0.00000325520841215621
01232013155100391	0.00000325520841215621
01232013155104951	0.00000325520841215621
01232013155105591	0.00000325520841215621
01232013155108712	0.00000325520841215621
01232013155109993	0.0129850264638662
01232013155110074	0.00339518231339753
01232013155110392	0.0110221356153488
01232013155110952	0.00000325520841215621
01232013155111351	0.0000618489575572312
01232013155113211	0.00000325520841215621
01232013155113688	0.00000325520841215621
01232013155115287	0.0000162760425155284
01232013155115527	0.00000325520841215621
01232013155115929	0.00000325520841215621
01232013155116407	0.000179036462213844
01232013155116648	0.00000325520841215621
01232013155116730	0.00016601562674623
01232013155116809	0.0000162760425155284
01232013155116967	0.00000325520841215621
01232013155117127	0.0000520833345944993
01232013155117207	0.0000423177079937886
01232013155117288	0.0000423177079937886
01232013155117527	0.0000455729168606922
01232013155117607	0.00000325520841215621
01232013155117687	0.00000325520841215621
01232013155118727	0.00000325520841215621
01232013155118889	0.00016601562674623
01232013155119847	0.00000325520841215621
01232013155120168	0.00000325520841215621
01232013155120412	0.000423177087213844
01232013155120573	0.281891286373138
01232013155120651	0.307187497615814
01232013155120971	0.00000325520841215621
01232013155121288	0.00000325520841215621
01232013155121848	0.00000325520841215621
01232013155122572	0.00000651041682431242
01232013155122648	0.00000976562478172127
01232013155122890	0.00000325520841215621
01232013155123047	0.00000325520841215621
01232013155123371	0.357916653156281
01232013155123451	0.224430337548256
01232013155123611	0.124524742364883
01232013155123771	0.00423828139901161
01232013155123851	0.00000325520841215621
01232013155124728	0.00000325520841215621
01232013155124968	0.00000325520841215621
01232013155125610	0.00000325520841215621
01232013155126728	0.047102864831686
01232013155126888	0.00000325520841215621
01232013155126969	0.00000325520841215621
01232013155127288	0.00000325520841215621
01232013155129048	0.00000325520841215621
01232013155130648	0.0105761718004942
01232013155130729	0.000299479172099382
01232013155131305	0.00604817690327764
01232013155131384	0.0226139314472675
01232013155131544	0.00000325520841215621
01232013155132904	0.00213216152042151
01232013155132984	0.0154524743556976
01232013155133304	0.00000651041682431242
01232013155133464	0.00000651041682431242
01232013155134504	0.00000325520841215621
01232013155135944	0.00000325520841215621
01232013155136344	0.00000325520841215621
01232013155139384	0.00000325520841215621
01232013155141225	0.00000325520841215621
01232013155142426	0.00000325520841215621
01232013155143865	0.00000325520841215621
01232013155144745	0.00000325520841215621
01232013155146185	0.000208333338377997
01232013155146265	0.0000390624991268851
01232013155146345	0.0000716145805199631
01232013155146424	0.000117187497380655
01232013155146507	0.00000325520841215621
01232013155146664	0.000234374994761311
01232013155146985	0.00000325520841215621
01232013155147144	0.000133463545353152
01232013155147225	0.0000358072902599815
01232013155147305	0.0000585937486903276
01232013155147386	0.0000325520850310568
01232013155148745	0.00000325520841215621
01232013155149227	0.00000325520841215621
01232013155149643	0.00000325520841215621
01232013155150041	0.00000325520841215621
01232013155150441	0.0000390624991268851
01232013155151961	0.0121842445805669
01232013155153241	0.00000325520841215621
01232013155155481	0.00000325520841215621
01232013155155641	0.00000325520841215621
01232013155156201	0.00000651041682431242
01232013155157882	0.00000325520841215621
01232013155158522	0.00000325520841215621
01232013155200761	0.00000976562478172127
01232013155203003	0.00000325520841215621
01232013155205721	0.00000325520841215621
01232013155206762	0.0000227864584303461
01232013155207818	0.00000325520841215621
01232013155208057	0.00000325520841215621
01232013155209257	0.00000325520841215621
01232013155209898	0.00000325520841215621
01232013155210218	0.00000325520841215621
01232013155212378	0.00000325520841215621
01232013155214858	0.00000325520841215621
01232013155215498	0.00000325520841215621
01232013155217498	0.00000325520841215621
01232013155222299	0.00000325520841215621
01232013155224860	0.00000325520841215621
01232013155225755	0.000553385412786156
01232013155225835	0.00522786471992731
01232013155225914	0.00888997409492731
01232013155225994	0.00695312488824129
01232013155226236	0.00000325520841215621
01232013155227354	0.00000325520841215621
01232013155228794	0.00000325520841215621
01232013155229114	0.00000651041682431242
01232013155229514	0.00435872375965118
01232013155229594	0.00185546872671694
01232013155229674	0.00000325520841215621
01232013155233195	0.00000325520841215621
01232013155233435	0.00000325520841215621
01232013155235115	0.00329752615652978
01232013155235195	0.0000260416672972497
01232013155236634	0.00000325520841215621
01232013155237275	0.00000325520841215621
01232013155237754	0.0000130208336486248
01232013155238795	0.00000325520841215621
01232013155239515	0.00000325520841215621
01232013155240075	0.00000325520841215621
01232013155240795	0.00000325520841215621
01232013155241275	0.00000325520841215621
01232013155244333	0.00000325520841215621
01232013155244651	0.0151595054194331
01232013155246171	0.00000325520841215621
01232013155246412	0.00000325520841215621
01232013155247299	0.00000325520841215621
01232013155247775	0.198847651481628
01232013155249851	0.00000325520841215621
01232013155250173	0.00000325520841215621
01232013155250732	0.00000325520841215621
01232013155250892	0.00000325520841215621
01232013155252252	0.00000325520841215621
01232013155252811	0.00000325520841215621
01232013155252892	0.00000325520841215621
01232013155254731	0.00000325520841215621
01232013155254972	0.00000325520841215621
01232013155255452	0.00000325520841215621
01232013155256492	0.00000325520841215621
01232013155256572	0.00000325520841215621
01232013155256818	0.0168229173868895
01232013155256899	0.00133789062965661
01232013155257372	0.00000325520841215621
01232013155258172	0.000231119789532386
01232013155259215	0.00193033856339753
01232013155259776	0.00000325520841215621
01232013155300013	0.000126953120343387
01232013155300896	0.00000325520841215621
01232013155301056	0.00000325520841215621
01232013155301136	0.00000325520841215621
01232013155301773	0.00000325520841215621
01232013155303068	0.00000325520841215621
01232013155303468	0.00000325520841215621
01232013155303548	0.0000455729168606922
01232013155303628	0.000211588543606922
01232013155303708	0.0000227864584303461
01232013155304268	0.00000325520841215621
01232013155307148	0.00000325520841215621
01232013155308508	0.00000325520841215621
01232013155311468	0.00000325520841215621
01232013155311868	0.00000325520841215621
01232013155313068	0.00000325520841215621
01232013155313228	0.00000651041682431242
01232013155313549	0.00000325520841215621
01232013155314749	0.00000325520841215621
01232013155316588	0.00000325520841215621
01232013155317869	0.00000325520841215621
01232013155318348	0.00000325520841215621
01232013155318428	0.00000325520841215621
01232013155319068	0.00000325520841215621
01232013155319308	0.00000325520841215621
01232013155320029	0.00000325520841215621
01232013155321565	0.00000325520841215621
01232013155323885	0.00000325520841215621
01232013155324844	0.00000325520841215621
01232013155325245	0.00000325520841215621
01232013155325405	0.00000325520841215621
01232013155329004	0.00000325520841215621
01232013155331885	0.00000976562478172127
01232013155334205	0.00000325520841215621
01232013155334445	0.00000325520841215621
01232013155334685	0.00000325520841215621
01232013155336045	0.00000325520841215621
01232013155336925	0.00000325520841215621
01232013155338781	0.00000325520841215621
01232013155340862	0.00000325520841215621
01232013155341102	0.00000325520841215621
01232013155342781	0.00000325520841215621
01232013155342942	0.00000325520841215621
01232013155344303	0.00000325520841215621
01232013155345501	0.00000325520841215621
01232013155346621	0.00000325520841215621
01232013155349341	0.00000325520841215621
01232013155350302	0.00000325520841215621
01232013155353902	0.00000651041682431242
01232013155355342	0.0000162760425155284
01232013155357118	0.00000325520841215621
01232013155357197	0.00000325520841215621
01232013155357278	0.00000325520841215621
01232013155358158	0.00000325520841215621
01232013155402559	0.00000325520841215621
01232013155404079	0.00000325520841215621
01232013155406798	0.00000651041682431242
01232013155407438	0.00000325520841215621
01232013155408398	0.00000325520841215621
01232013155408638	0.00000325520841215621
01232013155410719	0.00000325520841215621
01232013155411839	0.00000325520841215621
01232013155412799	0.00000325520841215621
01232013155412879	0.00000325520841215621
01232013155414879	0.00000325520841215621
01232013155417055	0.00000325520841215621
01232013155417294	0.00000325520841215621
01232013155418974	0.00000325520841215621
01232013155419694	0.00000325520841215621
01232013155422496	0.00000325520841215621
01232013155426335	0.00000325520841215621
01232013155426495	0.00000325520841215621
01232013155426976	0.00000325520841215621
01232013155427855	0.00000325520841215621
01232013155433056	0.00000325520841215621
01232013155434512	0.00000325520841215621
01232013155434671	0.00000325520841215621
01232013155434832	0.00000325520841215621
01232013155435552	0.00000325520841215621
01232013155438272	0.00000325520841215621
01232013155438831	0.00000325520841215621
01232013155438912	0.00000325520841215621
01232013155440912	0.00000325520841215621
01232013155444752	0.00000325520841215621
01232013155445952	0.00000325520841215621
01232013155448112	0.00000325520841215621
01232013155449072	0.00000325520841215621
01232013155450914	0.00000325520841215621
01232013155451409	0.00000325520841215621
01232013155453489	0.00000325520841215621
01232013155454289	0.00000325520841215621
01232013155455009	0.00000325520841215621
01232013155455809	0.00000325520841215621
01232013155456449	0.00000325520841215621
01232013155456529	0.00000325520841215621
01232013155457728	0.00000325520841215621
01232013155501170	0.00000325520841215621
01232013155501809	0.00000325520841215621
01232013155503969	0.00000325520841215621
01232013155505329	0.00000325520841215621
01232013155506449	0.00000325520841215621
01232013155507249	0.00000325520841215621
01232013155507569	0.00000325520841215621
01232013155508529	0.00000325520841215621
01232013155509009	0.00000325520841215621
01232013155513105	0.00000325520841215621
01232013155514465	0.00000325520841215621
01232013155518385	0.00000325520841215621
01232013155520466	0.00000325520841215621
01232013155521426	0.00000325520841215621
01232013155521987	0.00000325520841215621
01232013155522146	0.00000325520841215621
01232013155524306	0.00000325520841215621
01232013155528482	0.00000325520841215621
01232013155528882	0.00000325520841215621
01232013155529851	0.00000325520841215621
01232013155530403	0.00000325520841215621
01232013155532002	0.00000325520841215621
01232013155534802	0.00000325520841215621
01232013155535443	0.00000651041682431242
01232013155535522	0.00000325520841215621
01232013155536562	0.00000325520841215621
01232013155538242	0.00000325520841215621
01232013155539122	0.00000325520841215621
01232013155539442	0.00000325520841215621
01232013155540003	0.00000325520841215621
01232013155540887	0.00000325520841215621
01232013155543043	0.00000325520841215621
01232013155544003	0.00000325520841215621
01232013155544083	0.00000325520841215621
01232013155544883	0.00000325520841215621
01232013155546019	0.00000325520841215621
01232013155547058	0.00000325520841215621
01232013155547620	0.00000325520841215621
01232013155547939	0.00000325520841215621
01232013155548819	0.00000325520841215621
01232013155549299	0.0106770833954215
01232013155549379	0.00248372391797602
01232013155550340	0.00000325520841215621
01232013155554100	0.00000651041682431242
01232013155554899	0.00000325520841215621
01232013155555379	0.00000325520841215621
01232013155557142	0.0433007813990116
01232013155557302	0.00000325520841215621
01232013155557380	0.00000325520841215621
01232013155557702	0.00000325520841215621
01232013155558509	0.00000651041682431242
01232013155558664	0.0129817705601454
01232013155559780	0.000745442695915699
01232013155600020	0.00000651041682431242
01232013155600580	0.000481770839542151
01232013155601220	0.000205078118597157
01232013155601463	0.216940104961395
01232013155601544	0.218323573470116
01232013155601780	0.00000325520841215621
01232013155602583	0.0000130208336486248
01232013155604436	0.00000325520841215621
01232013155606036	0.00000325520841215621
01232013155606115	0.00000325520841215621
01232013155606199	0.0000162760425155284
01232013155606276	0.0339062511920929
01232013155606916	0.0514322929084301
01232013155607636	0.0627539083361626
01232013155607796	0.0000423177079937886
01232013155607877	0.0482194013893604
01232013155608121	0.0000325520850310568
01232013155608357	0.008544921875
01232013155608517	0.00000325520841215621
01232013155608677	0.00000325520841215621
01232013155609236	0.00473307305946946
01232013155609956	0.00000651041682431242
01232013155613077	0.00000325520841215621
